{
	"config" : 	{
		"model" : 		{
			"standard" : 			{

			}
,
			"quick" : 			{
				"training_example_0" : 				{
					"output" : [ 23, 123, 61, 2, 90, 88 ],
					"input" : [ 0.431990231990232, 0.976800976800977, 1.980952380952381, 0.891575091575092, 0.909157509157509, 1.980952380952381 ]
				}
,
				"training_example_1" : 				{
					"output" : [ 26, 114, 122, 61, 123, 50 ],
					"input" : [ 0.159462759462759, 0.868620268620269, 1.97948717948718, 0.891819291819292, 0.909401709401709, 1.978021978021978 ]
				}
,
				"training_example_2" : 				{
					"output" : [ 17, 39, 54, 107, 21, 113 ],
					"input" : [ 0.431990231990232, 0.976800976800977, 1.980952380952381, 0.891575091575092, 0.909157509157509, 1.980952380952381 ]
				}
,
				"training_example_3" : 				{
					"output" : [ 10, 54, 109, 68, 82, 74 ],
					"input" : [ 0.542612942612943, 0.980708180708181, 1.980952380952381, 0.891575091575092, 0.908669108669109, 1.980952380952381 ]
				}
,
				"training_example_4" : 				{
					"output" : [ 63, 18, 59, 87, 71, 59 ],
					"input" : [ 0.016605616605617, 0.596825396825397, 1.978021978021978, 0.892551892551893, 0.90964590964591, 1.978021978021978 ]
				}

			}
,
			"quickstore" : 			{
				"input_0" : [ 0.431990231990232, 0.976800976800977, 1.980952380952381, 0.891575091575092, 0.909157509157509, 1.980952380952381 ],
				"input_1" : [ 0.262759462759463, 0.937728937728938, 1.978998778998779, 0.892307692307692, 0.909157509157509, 1.978998778998779 ],
				"input_2" : [ 0.159462759462759, 0.868620268620269, 1.97948717948718, 0.891819291819292, 0.909401709401709, 1.978021978021978 ],
				"input_3" : [ 0.081074481074481, 0.75970695970696, 1.978998778998779, 0.892307692307692, 0.90964590964591, 1.978021978021978 ],
				"input_4" : [ 0.016605616605617, 0.596825396825397, 1.978021978021978, 0.892551892551893, 0.90964590964591, 1.978021978021978 ],
				"input_5" : [ 0.0, 0.383150183150183, 1.978021978021978, 0.892551892551893, 0.90964590964591, 1.978021978021978 ],
				"input_6" : [ 0.052991452991453, 0.15970695970696, 1.978021978021978, 0.892307692307692, 0.909401709401709, 1.978021978021978 ],
				"input_7" : [ 0.204884004884005, 0.001709401709402, 1.97948717948718, 0.891819291819292, 0.909157509157509, 1.97948717948718 ],
				"input_8" : [ 0.278144078144078, 0.0, 1.978998778998779, 0.892063492063492, 0.909401709401709, 1.978998778998779 ],
				"input_9" : [ 0.390720390720391, 0.0, 1.980952380952381, 0.892063492063492, 0.909157509157509, 1.978998778998779 ],
				"input_10" : [ 0.568498168498168, 0.0, 1.980952380952381, 0.891819291819292, 0.908913308913309, 1.978998778998779 ],
				"input_11" : [ 0.86984126984127, 0.0, 1.984859584859585, 0.891086691086691, 0.908424908424908, 1.984859584859585 ],
				"input_12" : [ 0.993162393162393, 0.229304029304029, 1.996092796092796, 0.89035409035409, 0.907448107448107, 1.990720390720391 ],
				"input_13" : [ 0.992185592185592, 0.45030525030525, 1.993162393162393, 0.891086691086691, 0.908180708180708, 1.98974358974359 ],
				"input_14" : [ 0.991941391941392, 0.626129426129426, 1.993650793650794, 0.890842490842491, 0.907936507936508, 1.98974358974359 ],
				"input_15" : [ 0.993894993894994, 0.792185592185592, 1.993650793650794, 0.890598290598291, 0.907936507936508, 1.990720390720391 ],
				"input_16" : [ 0.971184371184371, 0.91013431013431, 2.0, 0.889377289377289, 0.906715506715507, 1.988766788766789 ],
				"input_17" : [ 0.918925518925519, 0.922344322344322, 1.992673992673993, 0.891575091575092, 0.908424908424908, 1.986813186813187 ],
				"input_18" : [ 0.918437118437118, 0.922832722832723, 1.992673992673993, 0.891330891330891, 0.908424908424908, 1.986813186813187 ],
				"input_19" : [ 0.836141636141636, 0.951404151404151, 1.984859584859585, 0.891086691086691, 0.908180708180708, 1.982905982905983 ],
				"input_20" : [ 0.542612942612943, 0.980708180708181, 1.980952380952381, 0.891575091575092, 0.908669108669109, 1.980952380952381 ],
				"input_21" : [ 0.389010989010989, 0.978754578754579, 1.980952380952381, 0.891819291819292, 0.908669108669109, 1.980952380952381 ],
				"input_22" : [ 0.2, 0.900610500610501, 1.97948717948718, 0.892063492063492, 0.909157509157509, 1.978021978021978 ],
				"input_23" : [ 0.084249084249084, 0.776312576312576, 1.978998778998779, 0.892307692307692, 0.909401709401709, 1.978998778998779 ],
				"input_24" : [ 0.000976800976801, 0.511355311355311, 1.978021978021978, 0.892551892551893, 0.90964590964591, 1.978998778998779 ],
				"input_25" : [ 0.037362637362637, 0.194139194139194, 1.978021978021978, 0.892551892551893, 0.90964590964591, 1.978021978021978 ],
				"input_26" : [ 0.222222222222222, 0.0, 1.97948717948718, 0.891819291819292, 0.908913308913309, 1.978021978021978 ],
				"input_27" : [ 0.401953601953602, 0.0, 1.978998778998779, 0.891819291819292, 0.909157509157509, 1.978998778998779 ],
				"input_28" : [ 0.261294261294261, 0.0, 1.978998778998779, 0.892307692307692, 0.909401709401709, 1.978998778998779 ],
				"input_29" : [ 0.37997557997558, 0.0, 1.978998778998779, 0.892063492063492, 0.908913308913309, 1.978998778998779 ],
				"input_30" : [ 0.96996336996337, 0.034920634920635, 2.0, 0.887912087912088, 0.906471306471306, 2.0 ],
				"input_31" : [ 0.993406593406593, 0.244444444444444, 1.993650793650794, 0.890842490842491, 0.907936507936508, 1.990720390720391 ],
				"input_32" : [ 0.994627594627595, 0.535042735042735, 1.992673992673993, 0.891086691086691, 0.908180708180708, 1.98974358974359 ],
				"input_33" : [ 0.991697191697192, 0.744322344322344, 1.993650793650794, 0.890842490842491, 0.908424908424908, 1.98974358974359 ],
				"input_34" : [ 0.71965811965812, 0.982905982905983, 1.982905982905983, 0.891086691086691, 0.908180708180708, 1.980952380952381 ],
				"input_35" : [ 0.439072039072039, 0.97973137973138, 1.981440781440782, 0.891575091575092, 0.908669108669109, 1.980952380952381 ],
				"input_36" : [ 0.328937728937729, 0.978754578754579, 1.980952380952381, 0.891819291819292, 0.908669108669109, 1.980952380952381 ],
				"input_37" : [ 0.328937728937729, 0.97973137973138, 1.980952380952381, 0.892307692307692, 0.908913308913309, 1.97997557997558 ],
				"input_38" : [ 0.336996336996337, 0.976800976800977, 1.980952380952381, 0.891819291819292, 0.908669108669109, 1.980952380952381 ],
				"input_39" : [ 0.275946275946276, 0.947496947496947, 1.978998778998779, 0.892307692307692, 0.909157509157509, 1.978998778998779 ],
				"input_40" : [ 0.158974358974359, 0.878632478632479, 1.978998778998779, 0.892063492063492, 0.909157509157509, 1.978998778998779 ],
				"input_41" : [ 0.069352869352869, 0.771916971916972, 1.978998778998779, 0.892551892551893, 0.90964590964591, 1.978021978021978 ],
				"input_42" : [ 0.004639804639805, 0.607814407814408, 1.978998778998779, 0.892307692307692, 0.909157509157509, 1.978998778998779 ],
				"input_43" : [ 0.0, 0.454700854700855, 1.978021978021978, 0.892551892551893, 0.909157509157509, 1.978998778998779 ]
			}
,
			"outputdims" : 			{
				"outputdims" : 6
			}

		}
,
		"sound" : 		{

		}

	}
,
	"build" : 	{
		"sound" : 3,
		"sensor" : 1
	}

}
